doc,method,words,compression,rouge1_f1,rouge2_f1,rougeL_f1,tpr,npr,upr,fpr,avg_sentence_words,needs_review,n_issues,has_reference
d2l_3_1,TextRank,159,0.034,0.3095,0.112,0.1667,0.0741,1.0,,,54.67,0,0,1
d2l_3_1,TextRank + thuật ngữ,213,0.0444,0.2583,0.08,0.1325,0.1111,1.0,,,71.33,0,0,1
d2l_3_1,Gemini (cắt 3 câu),120,0.0249,0.3269,0.1845,0.1923,0.2222,,,,40.0,0,0,1
d2l_3_4,TextRank,160,0.049,0.1833,0.0924,0.0917,0.12,1.0,,,55.33,0,0,1
d2l_3_4,TextRank + thuật ngữ,147,0.0422,0.2581,0.1116,0.1382,0.2,,,,47.67,0,0,1
d2l_3_4,Gemini (cắt 3 câu),111,0.0331,0.4301,0.2065,0.2473,0.36,,,,37.33,0,0,1
d2l_4_1,TextRank,220,0.0627,0.1964,0.0806,0.1309,0.0588,1.0,,,74.0,0,0,1
d2l_4_1,TextRank + thuật ngữ,217,0.0619,0.2426,0.1037,0.1544,0.2353,1.0,,,73.0,0,0,1
d2l_4_1,Gemini (cắt 3 câu),120,0.0342,0.3333,0.1163,0.1839,0.2353,,,,40.33,0,0,1
